strain	virus	host	sendotrack	isolate	pathotype	date	continent	country	state	municipality	main_variant	variant_mixture	haplogroup	db	segment	authors	url	title	journal	paper_url
SeTr-114-001	Synchytrium endobioticum	Solanum tuberosum	SeTr-114		1(D1)	1993-01-01	europe	united_kingdom			α	α	haplogroup_1	genbank	mitochondrion	van de Vossenberg et al. 2022	https://www.ncbi.nlm.nih.gov/nuccore/OP142642	Molecular characterization and comparisons of potato wart (Synchytrium endobioticum) in historic collections to recent findings in Canada and the Netherlands	Journal of Plant Pathology	in preparation
SeTr-119-001	Synchytrium endobioticum	Solanum tuberosum	SeTr-119		2(G1)	1995-01-01	north_america	canada	newfoundland		α	α	haplogroup_1	genbank	mitochondrion	van de Vossenberg et al. 2022	https://www.ncbi.nlm.nih.gov/nuccore/OP142644	Molecular characterization and comparisons of potato wart (Synchytrium endobioticum) in historic collections to recent findings in Canada and the Netherlands	Journal of Plant Pathology	in preparation
SeTr-041-001	Synchytrium endobioticum	Solanum tuberosum	SeTr-041	MB12	8(F1)	1999-01-01	europe	germany	hessen	kohlhaus	β	β	haplogroup_3	genbank	mitochondrion	van de Vossenberg et al. 2022	https://www.ncbi.nlm.nih.gov/nuccore/OP142559	Molecular characterization and comparisons of potato wart (Synchytrium endobioticum) in historic collections to recent findings in Canada and the Netherlands	Journal of Plant Pathology	in preparation
SeTr-044-001	Synchytrium endobioticum	Solanum tuberosum	SeTr-044	MB15	18(T1)	1999-01-01	europe	germany	thuringen	tannroda	β	βε	haplogroup_3	genbank	mitochondrion	van de Vossenberg et al. 2022	https://www.ncbi.nlm.nih.gov/nuccore/OP142562	Molecular characterization and comparisons of potato wart (Synchytrium endobioticum) in historic collections to recent findings in Canada and the Netherlands	Journal of Plant Pathology	in preparation
SeTr-044-004	Synchytrium endobioticum	Solanum tuberosum	SeTr-044	MB15	18(T1)	1999-01-01	europe	germany	thuringen	tannroda	β	βε	haplogroup_3	genbank	mitochondrion	van de Vossenberg et al. 2022	https://www.ncbi.nlm.nih.gov/nuccore/OP142563	Molecular characterization and comparisons of potato wart (Synchytrium endobioticum) in historic collections to recent findings in Canada and the Netherlands	Journal of Plant Pathology	in preparation
SeTr-044-005	Synchytrium endobioticum	Solanum tuberosum	SeTr-044	MB15	18(T1)	1999-01-01	europe	germany	thuringen	tannroda	β	βε	haplogroup_3	genbank	mitochondrion	van de Vossenberg et al. 2022	https://www.ncbi.nlm.nih.gov/nuccore/OP142564	Molecular characterization and comparisons of potato wart (Synchytrium endobioticum) in historic collections to recent findings in Canada and the Netherlands	Journal of Plant Pathology	in preparation
SeTr-106-001	Synchytrium endobioticum	Solanum tuberosum	SeTr-106		6(O1)	1999-01-01	europe	germany	westfalen	olpe	α	α	haplogroup_1	genbank	mitochondrion	van de Vossenberg et al. 2022	https://www.ncbi.nlm.nih.gov/nuccore/OP142637	Molecular characterization and comparisons of potato wart (Synchytrium endobioticum) in historic collections to recent findings in Canada and the Netherlands	Journal of Plant Pathology	in preparation
SeTr-043-001	Synchytrium endobioticum	Solanum tuberosum	SeTr-043	MB14	18(T1)	2002-01-01	europe	germany	thuringen	tannroda	β	βε	haplogroup_3	genbank	mitochondrion	van de Vossenberg et al. 2022	https://www.ncbi.nlm.nih.gov/nuccore/OP142560	Molecular characterization and comparisons of potato wart (Synchytrium endobioticum) in historic collections to recent findings in Canada and the Netherlands	Journal of Plant Pathology	in preparation
SeTr-043-002	Synchytrium endobioticum	Solanum tuberosum	SeTr-043	MB14	18(T1)	2002-01-01	europe	germany	thuringen	tannroda	β	βε	haplogroup_3	genbank	mitochondrion	van de Vossenberg et al. 2022	https://www.ncbi.nlm.nih.gov/nuccore/OP142561	Molecular characterization and comparisons of potato wart (Synchytrium endobioticum) in historic collections to recent findings in Canada and the Netherlands	Journal of Plant Pathology	in preparation
SeTr-058-001	Synchytrium endobioticum	Solanum tuberosum	SeTr-058	MB37	2(G1)	1986-01-01	europe	germany	nedersaksen	silberhutte	α	αδ	haplogroup_1	genbank	mitochondrion	van de Vossenberg et al. 2022	https://www.ncbi.nlm.nih.gov/nuccore/OP142589	Molecular characterization and comparisons of potato wart (Synchytrium endobioticum) in historic collections to recent findings in Canada and the Netherlands	Journal of Plant Pathology	in preparation
SeTr-059-001	Synchytrium endobioticum	Solanum tuberosum	SeTr-059	MB4	2(G1)	1987-01-01	europe	netherlands	groningen	ter_apel	α	αδ	haplogroup_1	genbank	mitochondrion	van de Vossenberg et al. 2022	https://www.ncbi.nlm.nih.gov/nuccore/OP142590	Molecular characterization and comparisons of potato wart (Synchytrium endobioticum) in historic collections to recent findings in Canada and the Netherlands	Journal of Plant Pathology	in preparation
SeTr-064-001	Synchytrium endobioticum	Solanum tuberosum	SeTr-064	MB5	2(G1)	1987-01-01	europe	netherlands	groningen	mussel	α	αδ	haplogroup_1	genbank	mitochondrion	van de Vossenberg et al. 2022	https://www.ncbi.nlm.nih.gov/nuccore/OP142596	Molecular characterization and comparisons of potato wart (Synchytrium endobioticum) in historic collections to recent findings in Canada and the Netherlands	Journal of Plant Pathology	in preparation
SeTr-074-001	Synchytrium endobioticum	Solanum tuberosum	SeTr-074	MB6	2(G1)	1987-01-01	europe	netherlands	groningen	mussel	α	αδ	haplogroup_1	genbank	mitochondrion	van de Vossenberg et al. 2022	https://www.ncbi.nlm.nih.gov/nuccore/OP142611	Molecular characterization and comparisons of potato wart (Synchytrium endobioticum) in historic collections to recent findings in Canada and the Netherlands	Journal of Plant Pathology	in preparation
SeTr-079-001	Synchytrium endobioticum	Solanum tuberosum	SeTr-079	MB7	2(G1)	1987-01-01	europe	netherlands	groningen	mussel	α	αδ	haplogroup_1	genbank	mitochondrion	van de Vossenberg et al. 2022	https://www.ncbi.nlm.nih.gov/nuccore/OP142615	Molecular characterization and comparisons of potato wart (Synchytrium endobioticum) in historic collections to recent findings in Canada and the Netherlands	Journal of Plant Pathology	in preparation
SeTr-123-001	Synchytrium endobioticum	Solanum tuberosum	SeTr-123		2(G1)	1987-01-01	europe	netherlands	groningen	mussel	α	αδ	haplogroup_1	genbank	mitochondrion	van de Vossenberg et al. 2022	https://www.ncbi.nlm.nih.gov/nuccore/OP142646	Molecular characterization and comparisons of potato wart (Synchytrium endobioticum) in historic collections to recent findings in Canada and the Netherlands	Journal of Plant Pathology	in preparation
SeTr-063-001	Synchytrium endobioticum	Solanum tuberosum	SeTr-063	MB45	1(D1)	1988-01-01	europe	netherlands	groningen	midwolda	α	α	haplogroup_1	genbank	mitochondrion	van de Vossenberg et al. 2022	https://www.ncbi.nlm.nih.gov/nuccore/OP142595	Molecular characterization and comparisons of potato wart (Synchytrium endobioticum) in historic collections to recent findings in Canada and the Netherlands	Journal of Plant Pathology	in preparation
SeTr-084-001	Synchytrium endobioticum	Solanum tuberosum	SeTr-084	MB8	2(G1)	1988-01-01	europe	netherlands	groningen	mussel	α	αδ	haplogroup_1	genbank	mitochondrion	van de Vossenberg et al. 2022	https://www.ncbi.nlm.nih.gov/nuccore/OP142618	Molecular characterization and comparisons of potato wart (Synchytrium endobioticum) in historic collections to recent findings in Canada and the Netherlands	Journal of Plant Pathology	in preparation
SeTr-084-002	Synchytrium endobioticum	Solanum tuberosum	SeTr-084	MB8	2(G1)	1988-01-01	europe	netherlands	groningen	mussel	α	αδ	haplogroup_1	genbank	mitochondrion	van de Vossenberg et al. 2022	https://www.ncbi.nlm.nih.gov/nuccore/OP142619	Molecular characterization and comparisons of potato wart (Synchytrium endobioticum) in historic collections to recent findings in Canada and the Netherlands	Journal of Plant Pathology	in preparation
SeTr-084-000	Synchytrium endobioticum	Solanum tuberosum	SeTr-084	MB8	2(G1)	1988-01-01	europe	netherlands	groningen	mussel	α	αβ	haplogroup_1	genbank	mitochondrion	van de Vossenberg et al. 2018	https://www.ncbi.nlm.nih.gov/nuccore/MK292686	The linear mitochondrial genome of the quarantine chytrid Synchytrium endobioticum; insights into the evolution and recent history of an obligate biotrophic plant pathogen	BMC Evolutionary Biology	https://bmcecolevol.biomedcentral.com/articles/10.1186/s12862-018-1246-6
SeTr-126-001	Synchytrium endobioticum	Solanum tuberosum	SeTr-126		6(O1)	1989-01-01	europe	germany			α	α	haplogroup_1	genbank	mitochondrion	van de Vossenberg et al. 2022	https://www.ncbi.nlm.nih.gov/nuccore/OP142649	Molecular characterization and comparisons of potato wart (Synchytrium endobioticum) in historic collections to recent findings in Canada and the Netherlands	Journal of Plant Pathology	in preparation
SeTr-057-001	Synchytrium endobioticum	Solanum tuberosum	SeTr-057	MB29	1(D1)	1990-01-01	europe	netherlands	limburg	ysselstijn	α	α	haplogroup_1	genbank	mitochondrion	van de Vossenberg et al. 2022	https://www.ncbi.nlm.nih.gov/nuccore/OP142588	Molecular characterization and comparisons of potato wart (Synchytrium endobioticum) in historic collections to recent findings in Canada and the Netherlands	Journal of Plant Pathology	in preparation
SeTr-061-001	Synchytrium endobioticum	Solanum tuberosum	SeTr-061	MB43	1(D1)	1990-01-01	europe	netherlands	groningen	alteveer	α	α	haplogroup_1	genbank	mitochondrion	van de Vossenberg et al. 2022	https://www.ncbi.nlm.nih.gov/nuccore/OP142594	Molecular characterization and comparisons of potato wart (Synchytrium endobioticum) in historic collections to recent findings in Canada and the Netherlands	Journal of Plant Pathology	in preparation
SeTr-088-001	Synchytrium endobioticum	Solanum tuberosum	SeTr-088	MB9	6(O1)	1991-01-01	europe	netherlands	drenthe	wezuperbrug	α	α	haplogroup_1	genbank	mitochondrion	van de Vossenberg et al. 2022	https://www.ncbi.nlm.nih.gov/nuccore/OP142624	Molecular characterization and comparisons of potato wart (Synchytrium endobioticum) in historic collections to recent findings in Canada and the Netherlands	Journal of Plant Pathology	in preparation
SeTr-124-001	Synchytrium endobioticum	Solanum tuberosum	SeTr-124		6(O1)	1991-01-01	europe	netherlands	drenthe	wezuperbrug	α	α	haplogroup_1	genbank	mitochondrion	van de Vossenberg et al. 2022	https://www.ncbi.nlm.nih.gov/nuccore/OP142647	Molecular characterization and comparisons of potato wart (Synchytrium endobioticum) in historic collections to recent findings in Canada and the Netherlands	Journal of Plant Pathology	in preparation
SeTr-109-001	Synchytrium endobioticum	Solanum tuberosum	SeTr-109	MB32	6(O1)	1992-01-01	europe	netherlands	drenthe	wezuperbrug	α	α	haplogroup_1	genbank	mitochondrion	van de Vossenberg et al. 2022	https://www.ncbi.nlm.nih.gov/nuccore/OP142640	Molecular characterization and comparisons of potato wart (Synchytrium endobioticum) in historic collections to recent findings in Canada and the Netherlands	Journal of Plant Pathology	in preparation
SeTr-103-001	Synchytrium endobioticum	Solanum tuberosum	SeTr-103	MB31	1(D1)	1995-01-01	europe	netherlands	limburg	venray	α	α	haplogroup_1	genbank	mitochondrion	van de Vossenberg et al. 2022	https://www.ncbi.nlm.nih.gov/nuccore/OP142636	Molecular characterization and comparisons of potato wart (Synchytrium endobioticum) in historic collections to recent findings in Canada and the Netherlands	Journal of Plant Pathology	in preparation
SeTr-053-001	Synchytrium endobioticum	Solanum tuberosum	SeTr-053	MB25	16(N1)	1995-01-01	europe	czech_republic	vysocina	nizkov	α	α	haplogroup_6	genbank	mitochondrion	van de Vossenberg et al. 2022	https://www.ncbi.nlm.nih.gov/nuccore/OP142581	Molecular characterization and comparisons of potato wart (Synchytrium endobioticum) in historic collections to recent findings in Canada and the Netherlands	Journal of Plant Pathology	in preparation
SeTr-054-001	Synchytrium endobioticum	Solanum tuberosum	SeTr-054	MB26	17(M2)	1995-01-01	europe	czech_republic	south_bohemian_region	mirochov	δ	δ	haplogroup_5	genbank	mitochondrion	van de Vossenberg et al. 2022	https://www.ncbi.nlm.nih.gov/nuccore/OP142582	Molecular characterization and comparisons of potato wart (Synchytrium endobioticum) in historic collections to recent findings in Canada and the Netherlands	Journal of Plant Pathology	in preparation
SeTr-054-002	Synchytrium endobioticum	Solanum tuberosum	SeTr-054	MB26	17(M2)	1995-01-01	europe	czech_republic	south_bohemian_region	mirochov	δ	δ	haplogroup_5	genbank	mitochondrion	van de Vossenberg et al. 2022	https://www.ncbi.nlm.nih.gov/nuccore/OP142583	Molecular characterization and comparisons of potato wart (Synchytrium endobioticum) in historic collections to recent findings in Canada and the Netherlands	Journal of Plant Pathology	in preparation
SeTr-117-001	Synchytrium endobioticum	Solanum tuberosum	SeTr-117		2(G1)	1995-01-01	europe	germany	thuringen	giessubel	δ	δ	haplogroup_5	genbank	mitochondrion	van de Vossenberg et al. 2022	https://www.ncbi.nlm.nih.gov/nuccore/OP142643	Molecular characterization and comparisons of potato wart (Synchytrium endobioticum) in historic collections to recent findings in Canada and the Netherlands	Journal of Plant Pathology	in preparation
SeTr-107-001	Synchytrium endobioticum	Solanum tuberosum	SeTr-107		6(O1)	1996-06-03	europe	germany	westfalen	olpe	α	α	haplogroup_1	genbank	mitochondrion	van de Vossenberg et al. 2022	https://www.ncbi.nlm.nih.gov/nuccore/OP142638	Molecular characterization and comparisons of potato wart (Synchytrium endobioticum) in historic collections to recent findings in Canada and the Netherlands	Journal of Plant Pathology	in preparation
SeTr-091-001	Synchytrium endobioticum	Solanum tuberosum	SeTr-091	PD 97010164	1(D1)	1997-09-23	europe	netherlands	limburg	venray	α	α	haplogroup_1	genbank	mitochondrion	van de Vossenberg et al. 2022	https://www.ncbi.nlm.nih.gov/nuccore/OP142625	Molecular characterization and comparisons of potato wart (Synchytrium endobioticum) in historic collections to recent findings in Canada and the Netherlands	Journal of Plant Pathology	in preparation
SeTr-092-001	Synchytrium endobioticum	Solanum tuberosum	SeTr-092	PD 97010606	2(G1)	1997-10-06	europe	netherlands	gelderland	schaarsbergen	α	α	haplogroup_1	genbank	mitochondrion	van de Vossenberg et al. 2022	https://www.ncbi.nlm.nih.gov/nuccore/OP142626	Molecular characterization and comparisons of potato wart (Synchytrium endobioticum) in historic collections to recent findings in Canada and the Netherlands	Journal of Plant Pathology	in preparation
SeTr-093-001	Synchytrium endobioticum	Solanum tuberosum	SeTr-093	PD 97011652	1(D1)	1997-10-27	europe	netherlands	noord-brabant	deurne	α	α	haplogroup_1	genbank	mitochondrion	van de Vossenberg et al. 2022	https://www.ncbi.nlm.nih.gov/nuccore/OP142627	Molecular characterization and comparisons of potato wart (Synchytrium endobioticum) in historic collections to recent findings in Canada and the Netherlands	Journal of Plant Pathology	in preparation
SeTr-094-001	Synchytrium endobioticum	Solanum tuberosum	SeTr-094	PD 97011772	1(D1)	1997-10-30	europe	netherlands	noord-brabant	deurne	α	α	haplogroup_1	genbank	mitochondrion	van de Vossenberg et al. 2022	https://www.ncbi.nlm.nih.gov/nuccore/OP142628	Molecular characterization and comparisons of potato wart (Synchytrium endobioticum) in historic collections to recent findings in Canada and the Netherlands	Journal of Plant Pathology	in preparation
SeTr-072-001	Synchytrium endobioticum	Solanum tuberosum	SeTr-072	MB57	6(O1)	1998-01-01	europe	netherlands	drenthe	smilde	α	α	haplogroup_1	genbank	mitochondrion	van de Vossenberg et al. 2022	https://www.ncbi.nlm.nih.gov/nuccore/OP142606	Molecular characterization and comparisons of potato wart (Synchytrium endobioticum) in historic collections to recent findings in Canada and the Netherlands	Journal of Plant Pathology	in preparation
SeTr-072-002	Synchytrium endobioticum	Solanum tuberosum	SeTr-072	MB57	6(O1)	1998-01-01	europe	netherlands	drenthe	smilde	α	α	haplogroup_1	genbank	mitochondrion	van de Vossenberg et al. 2022	https://www.ncbi.nlm.nih.gov/nuccore/OP142607	Molecular characterization and comparisons of potato wart (Synchytrium endobioticum) in historic collections to recent findings in Canada and the Netherlands	Journal of Plant Pathology	in preparation
SeTr-072-003	Synchytrium endobioticum	Solanum tuberosum	SeTr-072	MB57	6(O1)	1998-01-01	europe	netherlands	drenthe	smilde	α	α	haplogroup_1	genbank	mitochondrion	van de Vossenberg et al. 2022	https://www.ncbi.nlm.nih.gov/nuccore/OP142608	Molecular characterization and comparisons of potato wart (Synchytrium endobioticum) in historic collections to recent findings in Canada and the Netherlands	Journal of Plant Pathology	in preparation
SeTr-072-004	Synchytrium endobioticum	Solanum tuberosum	SeTr-072	MB57	6(O1)	1998-01-01	europe	netherlands	drenthe	smilde	α	α	haplogroup_1	genbank	mitochondrion	van de Vossenberg et al. 2022	https://www.ncbi.nlm.nih.gov/nuccore/OP142609	Molecular characterization and comparisons of potato wart (Synchytrium endobioticum) in historic collections to recent findings in Canada and the Netherlands	Journal of Plant Pathology	in preparation
SeTr-039-001	Synchytrium endobioticum	Solanum tuberosum	SeTr-039	MB10	6(O1)	1998-01-01	europe	netherlands	drenthe	smilde	α	α	haplogroup_1	genbank	mitochondrion	van de Vossenberg et al. 2022	https://www.ncbi.nlm.nih.gov/nuccore/OP142556	Molecular characterization and comparisons of potato wart (Synchytrium endobioticum) in historic collections to recent findings in Canada and the Netherlands	Journal of Plant Pathology	in preparation
SeTr-039-002	Synchytrium endobioticum	Solanum tuberosum	SeTr-039	MB10	6(O1)	1998-01-01	europe	netherlands	drenthe	smilde	α	α	haplogroup_1	genbank	mitochondrion	van de Vossenberg et al. 2022	https://www.ncbi.nlm.nih.gov/nuccore/OP142557	Molecular characterization and comparisons of potato wart (Synchytrium endobioticum) in historic collections to recent findings in Canada and the Netherlands	Journal of Plant Pathology	in preparation
SeTr-038-001	Synchytrium endobioticum	Solanum tuberosum	SeTr-038	MB1	1(D1)	2000-01-01	europe	netherlands	limburg	venray	α	α	haplogroup_1	genbank	mitochondrion	van de Vossenberg et al. 2022	https://www.ncbi.nlm.nih.gov/nuccore/OP142555	Molecular characterization and comparisons of potato wart (Synchytrium endobioticum) in historic collections to recent findings in Canada and the Netherlands	Journal of Plant Pathology	in preparation
SeTr-095-001	Synchytrium endobioticum	Solanum tuberosum	SeTr-095	SOP 20010185	1(D1)	2000-10-02	europe	netherlands	noord-brabant	boxmeer	α	α	haplogroup_1	genbank	mitochondrion	van de Vossenberg et al. 2022	https://www.ncbi.nlm.nih.gov/nuccore/OP142629	Molecular characterization and comparisons of potato wart (Synchytrium endobioticum) in historic collections to recent findings in Canada and the Netherlands	Journal of Plant Pathology	in preparation
SeTr-096-001	Synchytrium endobioticum	Solanum tuberosum	SeTr-096	SOP 20010377	1(D1)	2000-10-05	europe	netherlands	noord-brabant	boxmeer	α	α	haplogroup_1	genbank	mitochondrion	van de Vossenberg et al. 2022	https://www.ncbi.nlm.nih.gov/nuccore/OP142630	Molecular characterization and comparisons of potato wart (Synchytrium endobioticum) in historic collections to recent findings in Canada and the Netherlands	Journal of Plant Pathology	in preparation
SeTr-097-001	Synchytrium endobioticum	Solanum tuberosum	SeTr-097	SOP 20010378	1(D1)	2000-10-05	europe	netherlands	noord-brabant	boxmeer	α	α	haplogroup_1	genbank	mitochondrion	van de Vossenberg et al. 2022	https://www.ncbi.nlm.nih.gov/nuccore/OP142631	Molecular characterization and comparisons of potato wart (Synchytrium endobioticum) in historic collections to recent findings in Canada and the Netherlands	Journal of Plant Pathology	in preparation
SeTr-098-001	Synchytrium endobioticum	Solanum tuberosum	SeTr-098	SOP 20010379	1(D1)	2000-10-05	europe	netherlands	noord-brabant	boxmeer	α	α	haplogroup_1	genbank	mitochondrion	van de Vossenberg et al. 2022	https://www.ncbi.nlm.nih.gov/nuccore/OP142632	Molecular characterization and comparisons of potato wart (Synchytrium endobioticum) in historic collections to recent findings in Canada and the Netherlands	Journal of Plant Pathology	in preparation
SeTr-099-001	Synchytrium endobioticum	Solanum tuberosum	SeTr-099	SOP 20010626	1(D1)	2000-10-17	europe	netherlands	noord-brabant	boxmeer	α	α	haplogroup_1	genbank	mitochondrion	van de Vossenberg et al. 2022	https://www.ncbi.nlm.nih.gov/nuccore/OP142633	Molecular characterization and comparisons of potato wart (Synchytrium endobioticum) in historic collections to recent findings in Canada and the Netherlands	Journal of Plant Pathology	in preparation
SeTr-100-001	Synchytrium endobioticum	Solanum tuberosum	SeTr-100	SOP 20010652	2(G1)	2000-10-17	europe	netherlands	drenthe	emmer-compascuum	α	αδ	haplogroup_1	genbank	mitochondrion	van de Vossenberg et al. 2022	https://www.ncbi.nlm.nih.gov/nuccore/OP142634	Molecular characterization and comparisons of potato wart (Synchytrium endobioticum) in historic collections to recent findings in Canada and the Netherlands	Journal of Plant Pathology	in preparation
SeTr-078-002	Synchytrium endobioticum	Solanum tuberosum	SeTr-078	MB69;SOP 20010712	1(D1)	2000-10-20	europe	sweden	halland	falkenberg	α	α	haplogroup_1	genbank	mitochondrion	van de Vossenberg et al. 2022	https://www.ncbi.nlm.nih.gov/nuccore/OP142613	Molecular characterization and comparisons of potato wart (Synchytrium endobioticum) in historic collections to recent findings in Canada and the Netherlands	Journal of Plant Pathology	in preparation
SeTr-078-003	Synchytrium endobioticum	Solanum tuberosum	SeTr-078	MB69;SOP 20010712	1(D1)	2000-10-20	europe	sweden	halland	falkenberg	α	α	haplogroup_1	genbank	mitochondrion	van de Vossenberg et al. 2022	https://www.ncbi.nlm.nih.gov/nuccore/OP142614	Molecular characterization and comparisons of potato wart (Synchytrium endobioticum) in historic collections to recent findings in Canada and the Netherlands	Journal of Plant Pathology	in preparation
SeTr-048-001	Synchytrium endobioticum	Solanum tuberosum	SeTr-048	MB2	1(D1)	2001-01-01	europe	netherlands	limburg	mill	α	α	haplogroup_1	genbank	mitochondrion	van de Vossenberg et al. 2022	https://www.ncbi.nlm.nih.gov/nuccore/OP142565	Molecular characterization and comparisons of potato wart (Synchytrium endobioticum) in historic collections to recent findings in Canada and the Netherlands	Journal of Plant Pathology	in preparation
SeTr-048-002	Synchytrium endobioticum	Solanum tuberosum	SeTr-048	MB2	1(D1)	2001-01-01	europe	netherlands	limburg	mill	α	α	haplogroup_1	genbank	mitochondrion	van de Vossenberg et al. 2022	https://www.ncbi.nlm.nih.gov/nuccore/OP142566	Molecular characterization and comparisons of potato wart (Synchytrium endobioticum) in historic collections to recent findings in Canada and the Netherlands	Journal of Plant Pathology	in preparation
SeTr-048-003	Synchytrium endobioticum	Solanum tuberosum	SeTr-048	MB2	1(D1)	2001-01-01	europe	netherlands	limburg	mill	α	α	haplogroup_1	genbank	mitochondrion	van de Vossenberg et al. 2022	https://www.ncbi.nlm.nih.gov/nuccore/OP142567	Molecular characterization and comparisons of potato wart (Synchytrium endobioticum) in historic collections to recent findings in Canada and the Netherlands	Journal of Plant Pathology	in preparation
SeTr-048-004	Synchytrium endobioticum	Solanum tuberosum	SeTr-048	MB2	1(D1)	2001-01-01	europe	netherlands	limburg	mill	α	α	haplogroup_1	genbank	mitochondrion	van de Vossenberg et al. 2022	https://www.ncbi.nlm.nih.gov/nuccore/OP142568	Molecular characterization and comparisons of potato wart (Synchytrium endobioticum) in historic collections to recent findings in Canada and the Netherlands	Journal of Plant Pathology	in preparation
SeTr-048-005	Synchytrium endobioticum	Solanum tuberosum	SeTr-048	MB2	1(D1)	2001-01-01	europe	netherlands	limburg	mill	α	α	haplogroup_1	genbank	mitochondrion	van de Vossenberg et al. 2022	https://www.ncbi.nlm.nih.gov/nuccore/OP142569	Molecular characterization and comparisons of potato wart (Synchytrium endobioticum) in historic collections to recent findings in Canada and the Netherlands	Journal of Plant Pathology	in preparation
SeTr-048-006	Synchytrium endobioticum	Solanum tuberosum	SeTr-048	MB2	1(D1)	2001-01-01	europe	netherlands	limburg	mill	α	α	haplogroup_1	genbank	mitochondrion	van de Vossenberg et al. 2022	https://www.ncbi.nlm.nih.gov/nuccore/OP142570	Molecular characterization and comparisons of potato wart (Synchytrium endobioticum) in historic collections to recent findings in Canada and the Netherlands	Journal of Plant Pathology	in preparation
SeTr-048-007	Synchytrium endobioticum	Solanum tuberosum	SeTr-048	MB2	1(D1)	2001-01-01	europe	netherlands	limburg	mill	α	α	haplogroup_1	genbank	mitochondrion	van de Vossenberg et al. 2022	https://www.ncbi.nlm.nih.gov/nuccore/OP142571	Molecular characterization and comparisons of potato wart (Synchytrium endobioticum) in historic collections to recent findings in Canada and the Netherlands	Journal of Plant Pathology	in preparation
SeTr-048-008	Synchytrium endobioticum	Solanum tuberosum	SeTr-048	MB2	1(D1)	2001-01-01	europe	netherlands	limburg	mill	α	α	haplogroup_1	genbank	mitochondrion	van de Vossenberg et al. 2022	https://www.ncbi.nlm.nih.gov/nuccore/OP142572	Molecular characterization and comparisons of potato wart (Synchytrium endobioticum) in historic collections to recent findings in Canada and the Netherlands	Journal of Plant Pathology	in preparation
SeTr-048-009	Synchytrium endobioticum	Solanum tuberosum	SeTr-048	MB2	1(D1)	2001-01-01	europe	netherlands	limburg	mill	α	α	haplogroup_1	genbank	mitochondrion	van de Vossenberg et al. 2022	https://www.ncbi.nlm.nih.gov/nuccore/OP142573	Molecular characterization and comparisons of potato wart (Synchytrium endobioticum) in historic collections to recent findings in Canada and the Netherlands	Journal of Plant Pathology	in preparation
SeTr-048-010	Synchytrium endobioticum	Solanum tuberosum	SeTr-048	MB2	1(D1)	2001-01-01	europe	netherlands	limburg	mill	α	α	haplogroup_1	genbank	mitochondrion	van de Vossenberg et al. 2022	https://www.ncbi.nlm.nih.gov/nuccore/OP142574	Molecular characterization and comparisons of potato wart (Synchytrium endobioticum) in historic collections to recent findings in Canada and the Netherlands	Journal of Plant Pathology	in preparation
SeTr-048-012	Synchytrium endobioticum	Solanum tuberosum	SeTr-048	MB2	1(D1)	2001-01-01	europe	netherlands	limburg	mill	α	α	haplogroup_1	genbank	mitochondrion	van de Vossenberg et al. 2022	https://www.ncbi.nlm.nih.gov/nuccore/OP142575	Molecular characterization and comparisons of potato wart (Synchytrium endobioticum) in historic collections to recent findings in Canada and the Netherlands	Journal of Plant Pathology	in preparation
SeTr-048-013	Synchytrium endobioticum	Solanum tuberosum	SeTr-048	MB2	1(D1)	2001-01-01	europe	netherlands	limburg	mill	α	α	haplogroup_1	genbank	mitochondrion	van de Vossenberg et al. 2022	https://www.ncbi.nlm.nih.gov/nuccore/OP142576	Molecular characterization and comparisons of potato wart (Synchytrium endobioticum) in historic collections to recent findings in Canada and the Netherlands	Journal of Plant Pathology	in preparation
SeTr-048-014	Synchytrium endobioticum	Solanum tuberosum	SeTr-048	MB2	1(D1)	2001-01-01	europe	netherlands	limburg	mill	α	α	haplogroup_1	genbank	mitochondrion	van de Vossenberg et al. 2022	https://www.ncbi.nlm.nih.gov/nuccore/OP142577	Molecular characterization and comparisons of potato wart (Synchytrium endobioticum) in historic collections to recent findings in Canada and the Netherlands	Journal of Plant Pathology	in preparation
SeTr-048-015	Synchytrium endobioticum	Solanum tuberosum	SeTr-048	MB2	1(D1)	2001-01-01	europe	netherlands	limburg	mill	α	α	haplogroup_1	genbank	mitochondrion	van de Vossenberg et al. 2022	https://www.ncbi.nlm.nih.gov/nuccore/OP142578	Molecular characterization and comparisons of potato wart (Synchytrium endobioticum) in historic collections to recent findings in Canada and the Netherlands	Journal of Plant Pathology	in preparation
SeTr-056-001	Synchytrium endobioticum	Solanum tuberosum	SeTr-056	MB28	1(D1)	2001-10-02	europe	netherlands	south_east	sint_hubert	α	α	haplogroup_1	genbank	mitochondrion	van de Vossenberg et al. 2022	https://www.ncbi.nlm.nih.gov/nuccore/OP142586	Molecular characterization and comparisons of potato wart (Synchytrium endobioticum) in historic collections to recent findings in Canada and the Netherlands	Journal of Plant Pathology	in preparation
SeTr-056-002	Synchytrium endobioticum	Solanum tuberosum	SeTr-056	MB28	1(D1)	2001-10-02	europe	netherlands	south_east	sint_hubert	α	α	haplogroup_1	genbank	mitochondrion	van de Vossenberg et al. 2022	https://www.ncbi.nlm.nih.gov/nuccore/OP142587	Molecular characterization and comparisons of potato wart (Synchytrium endobioticum) in historic collections to recent findings in Canada and the Netherlands	Journal of Plant Pathology	in preparation
SeTr-102-001	Synchytrium endobioticum	Solanum tuberosum	SeTr-102	SOP 21009378	1(D1)	2001-10-22	europe	netherlands	noord-brabant	langenboom	α	αβ	haplogroup_1	genbank	mitochondrion	van de Vossenberg et al. 2022	https://www.ncbi.nlm.nih.gov/nuccore/OP142635	Molecular characterization and comparisons of potato wart (Synchytrium endobioticum) in historic collections to recent findings in Canada and the Netherlands	Journal of Plant Pathology	in preparation
SeTr-121-001	Synchytrium endobioticum	Solanum tuberosum	SeTr-121		18(T1)	2001-11-04	europe	germany	nedersaksen	emsburen	β	β	haplogroup_3	genbank	mitochondrion	van de Vossenberg et al. 2022	https://www.ncbi.nlm.nih.gov/nuccore/OP142645	Molecular characterization and comparisons of potato wart (Synchytrium endobioticum) in historic collections to recent findings in Canada and the Netherlands	Journal of Plant Pathology	in preparation
SeTr-026-001	Synchytrium endobioticum	Solanum tuberosum	SeTr-026	21009706	2(G1)	2001-11-05	europe	netherlands	drenthe	mantinge	α	α	haplogroup_1	genbank	mitochondrion	van de Vossenberg et al. 2022	https://www.ncbi.nlm.nih.gov/nuccore/OP142548	Molecular characterization and comparisons of potato wart (Synchytrium endobioticum) in historic collections to recent findings in Canada and the Netherlands	Journal of Plant Pathology	in preparation
SeTr-026-002	Synchytrium endobioticum	Solanum tuberosum	SeTr-026	21009706	2(G1)	2001-11-05	europe	netherlands	drenthe	mantinge	α	α	haplogroup_1	genbank	mitochondrion	van de Vossenberg et al. 2022	https://www.ncbi.nlm.nih.gov/nuccore/OP142549	Molecular characterization and comparisons of potato wart (Synchytrium endobioticum) in historic collections to recent findings in Canada and the Netherlands	Journal of Plant Pathology	in preparation
SeTr-040-002	Synchytrium endobioticum	Solanum tuberosum	SeTr-040	MB11	6(O1)	2002-01-01	europe	netherlands	drenthe	smilde	α	α	haplogroup_1	genbank	mitochondrion	van de Vossenberg et al. 2022	https://www.ncbi.nlm.nih.gov/nuccore/OP142558	Molecular characterization and comparisons of potato wart (Synchytrium endobioticum) in historic collections to recent findings in Canada and the Netherlands	Journal of Plant Pathology	in preparation
SeTr-073-001	Synchytrium endobioticum	Solanum tuberosum	SeTr-073	MB58;22005138	6(O1)	2002-01-01	europe	netherlands	overijssel	steenwijkerland	α	α	haplogroup_1	genbank	mitochondrion	van de Vossenberg et al. 2022	https://www.ncbi.nlm.nih.gov/nuccore/OP142610	Molecular characterization and comparisons of potato wart (Synchytrium endobioticum) in historic collections to recent findings in Canada and the Netherlands	Journal of Plant Pathology	in preparation
SeTr-060-001	Synchytrium endobioticum	Solanum tuberosum	SeTr-060	MB42	1(D1)	2002-09-25	europe	netherlands	noord-brabant	langenboom	α	α	haplogroup_1	genbank	mitochondrion	van de Vossenberg et al. 2022	https://www.ncbi.nlm.nih.gov/nuccore/OP142591	Molecular characterization and comparisons of potato wart (Synchytrium endobioticum) in historic collections to recent findings in Canada and the Netherlands	Journal of Plant Pathology	in preparation
SeTr-060-002	Synchytrium endobioticum	Solanum tuberosum	SeTr-060	MB42	1(D1)	2002-09-25	europe	netherlands	noord-brabant	langenboom	α	α	haplogroup_1	genbank	mitochondrion	van de Vossenberg et al. 2022	https://www.ncbi.nlm.nih.gov/nuccore/OP142592	Molecular characterization and comparisons of potato wart (Synchytrium endobioticum) in historic collections to recent findings in Canada and the Netherlands	Journal of Plant Pathology	in preparation
SeTr-060-003	Synchytrium endobioticum	Solanum tuberosum	SeTr-060	MB42	1(D1)	2002-09-25	europe	netherlands	noord-brabant	langenboom	α	α	haplogroup_1	genbank	mitochondrion	van de Vossenberg et al. 2022	https://www.ncbi.nlm.nih.gov/nuccore/OP142593	Molecular characterization and comparisons of potato wart (Synchytrium endobioticum) in historic collections to recent findings in Canada and the Netherlands	Journal of Plant Pathology	in preparation
SeTr-060-000	Synchytrium endobioticum	Solanum tuberosum	SeTr-060	MB42	1(D1)	2002-09-25	europe	netherlands	noord-brabant	langenboom	α	αβ	haplogroup_1	genbank	mitochondrion	van de Vossenberg et al. 2018	https://www.ncbi.nlm.nih.gov/nuccore/MK292680	The linear mitochondrial genome of the quarantine chytrid Synchytrium endobioticum; insights into the evolution and recent history of an obligate biotrophic plant pathogen	BMC Evolutionary Biology	https://bmcecolevol.biomedcentral.com/articles/10.1186/s12862-018-1246-6
SeTr-055-002	Synchytrium endobioticum	Solanum tuberosum	SeTr-055	MB27;23005267	8(F1)	2003-01-01	europe	germany	nedersaksen		α	α	haplogroup_1	genbank	mitochondrion	van de Vossenberg et al. 2022	https://www.ncbi.nlm.nih.gov/nuccore/OP142584	Molecular characterization and comparisons of potato wart (Synchytrium endobioticum) in historic collections to recent findings in Canada and the Netherlands	Journal of Plant Pathology	in preparation
SeTr-055-003	Synchytrium endobioticum	Solanum tuberosum	SeTr-055	MB27;23005267	8(F1)	2003-01-01	europe	germany	nedersaksen		α	α	haplogroup_1	genbank	mitochondrion	van de Vossenberg et al. 2022	https://www.ncbi.nlm.nih.gov/nuccore/OP142585	Molecular characterization and comparisons of potato wart (Synchytrium endobioticum) in historic collections to recent findings in Canada and the Netherlands	Journal of Plant Pathology	in preparation
SeTr-030-001	Synchytrium endobioticum	Solanum tuberosum	SeTr-030	23004941	2(G1)	2003-09-22	europe	netherlands	groningen	vlagtwedde	α	αδ	haplogroup_1	genbank	mitochondrion	van de Vossenberg et al. 2022	https://www.ncbi.nlm.nih.gov/nuccore/OP142550	Molecular characterization and comparisons of potato wart (Synchytrium endobioticum) in historic collections to recent findings in Canada and the Netherlands	Journal of Plant Pathology	in preparation
SeTr-031-001	Synchytrium endobioticum	Solanum tuberosum	SeTr-031	23005152	18(T1)	2003-09-26	europe	netherlands	groningen	bellingwedde	β	β	haplogroup_3	genbank	mitochondrion	van de Vossenberg et al. 2022	https://www.ncbi.nlm.nih.gov/nuccore/OP142551	Molecular characterization and comparisons of potato wart (Synchytrium endobioticum) in historic collections to recent findings in Canada and the Netherlands	Journal of Plant Pathology	in preparation
SeTr-069-001	Synchytrium endobioticum	Solanum tuberosum	SeTr-069	MB54;23005266	18(T1)	2003-10-09	europe	germany	weser-ems		β	β	haplogroup_3	genbank	mitochondrion	van de Vossenberg et al. 2022	https://www.ncbi.nlm.nih.gov/nuccore/OP142599	Molecular characterization and comparisons of potato wart (Synchytrium endobioticum) in historic collections to recent findings in Canada and the Netherlands	Journal of Plant Pathology	in preparation
SeTr-069-002	Synchytrium endobioticum	Solanum tuberosum	SeTr-069	MB54;23005266	18(T1)	2003-10-09	europe	germany	weser-ems		β	β	haplogroup_3	genbank	mitochondrion	van de Vossenberg et al. 2022	https://www.ncbi.nlm.nih.gov/nuccore/OP142600	Molecular characterization and comparisons of potato wart (Synchytrium endobioticum) in historic collections to recent findings in Canada and the Netherlands	Journal of Plant Pathology	in preparation
SeTr-032-001	Synchytrium endobioticum	Solanum tuberosum	SeTr-032	23005265	2(G1)	2003-10-09	europe	netherlands	groningen	ter_apelkanaal	α	α	haplogroup_1	genbank	mitochondrion	van de Vossenberg et al. 2022	https://www.ncbi.nlm.nih.gov/nuccore/OP142552	Molecular characterization and comparisons of potato wart (Synchytrium endobioticum) in historic collections to recent findings in Canada and the Netherlands	Journal of Plant Pathology	in preparation
SeTr-049-001	Synchytrium endobioticum	Solanum tuberosum	SeTr-049	MB20	6(O1)	2003-10-10	europe	netherlands	drenthe	smilde	α	α	haplogroup_1	genbank	mitochondrion	van de Vossenberg et al. 2022	https://www.ncbi.nlm.nih.gov/nuccore/OP142579	Molecular characterization and comparisons of potato wart (Synchytrium endobioticum) in historic collections to recent findings in Canada and the Netherlands	Journal of Plant Pathology	in preparation
SeTr-045-000	Synchytrium endobioticum	Solanum tuberosum	SeTr-045	MB17	18(T1)	2003-10-24	europe	netherlands	groningen	borgercompagnie	β	βε	haplogroup_3	genbank	mitochondrion	van de Vossenberg et al. 2018	https://www.ncbi.nlm.nih.gov/nuccore/MK292691	The linear mitochondrial genome of the quarantine chytrid Synchytrium endobioticum; insights into the evolution and recent history of an obligate biotrophic plant pathogen	BMC Evolutionary Biology	https://bmcecolevol.biomedcentral.com/articles/10.1186/s12862-018-1246-6
SeTr-075-001	Synchytrium endobioticum	Solanum tuberosum	SeTr-075	MB60;23005831	2(G1)	2003-11-03	europe	netherlands	groningen	vlagtwedde	α	αδ	haplogroup_1	genbank	mitochondrion	van de Vossenberg et al. 2022	https://www.ncbi.nlm.nih.gov/nuccore/OP142612	Molecular characterization and comparisons of potato wart (Synchytrium endobioticum) in historic collections to recent findings in Canada and the Netherlands	Journal of Plant Pathology	in preparation
SeTr-108-001	Synchytrium endobioticum	Solanum tuberosum	SeTr-108		2(G1)	2004-04-29	north_america	canada	prince_edward_island	new_glasgow	α	α	haplogroup_1	genbank	mitochondrion	van de Vossenberg et al. 2022	https://www.ncbi.nlm.nih.gov/nuccore/OP142639	Molecular characterization and comparisons of potato wart (Synchytrium endobioticum) in historic collections to recent findings in Canada and the Netherlands	Journal of Plant Pathology	in preparation
SeTr-112-001	Synchytrium endobioticum	Solanum tuberosum	SeTr-112			2004-04-29	north_america	canada	prince_edward_island	freetown	α	α	haplogroup_1	genbank	mitochondrion	van de Vossenberg et al. 2022	https://www.ncbi.nlm.nih.gov/nuccore/OP142641	Molecular characterization and comparisons of potato wart (Synchytrium endobioticum) in historic collections to recent findings in Canada and the Netherlands	Journal of Plant Pathology	in preparation
SeTr-125-001	Synchytrium endobioticum	Solanum tuberosum	SeTr-125	MB22	18(T1)	2004-09-15	europe	netherlands	groningen	borgercompagnie	β	β	haplogroup_3	genbank	mitochondrion	van de Vossenberg et al. 2022	https://www.ncbi.nlm.nih.gov/nuccore/OP142648	Molecular characterization and comparisons of potato wart (Synchytrium endobioticum) in historic collections to recent findings in Canada and the Netherlands	Journal of Plant Pathology	in preparation
SeTr-002-001	Synchytrium endobioticum	Solanum tuberosum	SeTr-002	1971028	18(T1)	2004-09-27	europe	netherlands	drenthe	emmen	β	β	haplogroup_3	genbank	mitochondrion	van de Vossenberg et al. 2022	https://www.ncbi.nlm.nih.gov/nuccore/OP142535	Molecular characterization and comparisons of potato wart (Synchytrium endobioticum) in historic collections to recent findings in Canada and the Netherlands	Journal of Plant Pathology	in preparation
SeTr-002-002	Synchytrium endobioticum	Solanum tuberosum	SeTr-002	1971028	18(T1)	2004-09-27	europe	netherlands	drenthe	emmen	β	β	haplogroup_3	genbank	mitochondrion	van de Vossenberg et al. 2022	https://www.ncbi.nlm.nih.gov/nuccore/OP142536	Molecular characterization and comparisons of potato wart (Synchytrium endobioticum) in historic collections to recent findings in Canada and the Netherlands	Journal of Plant Pathology	in preparation
SeTr-050-001	Synchytrium endobioticum	Solanum tuberosum	SeTr-050	MB21	6(O1)	2004-10-22	europe	netherlands	drenthe	smilde	α	α	haplogroup_1	genbank	mitochondrion	van de Vossenberg et al. 2022	https://www.ncbi.nlm.nih.gov/nuccore/OP142580	Molecular characterization and comparisons of potato wart (Synchytrium endobioticum) in historic collections to recent findings in Canada and the Netherlands	Journal of Plant Pathology	in preparation
SeTr-070-000a	Synchytrium endobioticum	Solanum tuberosum	SeTr-070	FERA1	18(T1)	2004-11-01	europe	sweden	blekinge	solvesborg	β	β	haplogroup_3	genbank	mitochondrion	van de Vossenberg et al. 2018	https://www.ncbi.nlm.nih.gov/nuccore/MK292696	The linear mitochondrial genome of the quarantine chytrid Synchytrium endobioticum; insights into the evolution and recent history of an obligate biotrophic plant pathogen	BMC Evolutionary Biology	https://bmcecolevol.biomedcentral.com/articles/10.1186/s12862-018-1246-6
SeTr-070-000b	Synchytrium endobioticum	Solanum tuberosum	SeTr-070	FERA2	18(T1)	2004-11-01	europe	sweden	blekinge	solvesborg	β	β	haplogroup_3	genbank	mitochondrion	van de Vossenberg et al. 2018	https://www.ncbi.nlm.nih.gov/nuccore/MK292678	The linear mitochondrial genome of the quarantine chytrid Synchytrium endobioticum; insights into the evolution and recent history of an obligate biotrophic plant pathogen	BMC Evolutionary Biology	https://bmcecolevol.biomedcentral.com/articles/10.1186/s12862-018-1246-6
SeTr-070-001	Synchytrium endobioticum	Solanum tuberosum	SeTr-070	MB55;1977219	18(T1)	2004-11-02	europe	sweden	blekinge	solvesborg	β	β	haplogroup_3	genbank	mitochondrion	van de Vossenberg et al. 2022	https://www.ncbi.nlm.nih.gov/nuccore/OP142601	Molecular characterization and comparisons of potato wart (Synchytrium endobioticum) in historic collections to recent findings in Canada and the Netherlands	Journal of Plant Pathology	in preparation
SeTr-070-002	Synchytrium endobioticum	Solanum tuberosum	SeTr-070	MB55;1977219	18(T1)	2004-11-02	europe	sweden	blekinge	solvesborg	β	β	haplogroup_3	genbank	mitochondrion	van de Vossenberg et al. 2022	https://www.ncbi.nlm.nih.gov/nuccore/OP142602	Molecular characterization and comparisons of potato wart (Synchytrium endobioticum) in historic collections to recent findings in Canada and the Netherlands	Journal of Plant Pathology	in preparation
SeTr-128-001	Synchytrium endobioticum	Solanum tuberosum	SeTr-128		18(T1)	2005-01-01	europe	germany	thuringen	tannroda	β	βε	haplogroup_3	genbank	mitochondrion	van de Vossenberg et al. 2022	https://www.ncbi.nlm.nih.gov/nuccore/OP142650	Molecular characterization and comparisons of potato wart (Synchytrium endobioticum) in historic collections to recent findings in Canada and the Netherlands	Journal of Plant Pathology	in preparation
BBA_601_05_8_3	Synchytrium endobioticum	Solanum tuberosum		BBA_601_05_8_3;SE6	6(O1)	2005-01-01	europe	germany			ε	αε	haplogroup_2	genbank	mitochondrion	van de Vossenberg et al. 2018	https://www.ncbi.nlm.nih.gov/nuccore/MK292673	The linear mitochondrial genome of the quarantine chytrid Synchytrium endobioticum; insights into the evolution and recent history of an obligate biotrophic plant pathogen	BMC Evolutionary Biology	https://bmcecolevol.biomedcentral.com/articles/10.1186/s12862-018-1246-6
2_2005_Ch1	Synchytrium endobioticum	Solanum tuberosum		2_2005_Ch1	2(Ch1)	2005-02-01	europe	poland			α	α	haplogroup_1	genbank	mitochondrion	van de Vossenberg et al. 2018	https://www.ncbi.nlm.nih.gov/nuccore/MK292703	The linear mitochondrial genome of the quarantine chytrid Synchytrium endobioticum; insights into the evolution and recent history of an obligate biotrophic plant pathogen	BMC Evolutionary Biology	https://bmcecolevol.biomedcentral.com/articles/10.1186/s12862-018-1246-6
3_2005_F1	Synchytrium endobioticum	Solanum tuberosum		3_2005_F1;06WS	8(F1)	2005-03-01	europe	netherlands			β	β	haplogroup_3	genbank	mitochondrion	van de Vossenberg et al. 2018	https://www.ncbi.nlm.nih.gov/nuccore/MK292700	The linear mitochondrial genome of the quarantine chytrid Synchytrium endobioticum; insights into the evolution and recent history of an obligate biotrophic plant pathogen	BMC Evolutionary Biology	https://bmcecolevol.biomedcentral.com/articles/10.1186/s12862-018-1246-6
4_2005_G1	Synchytrium endobioticum	Solanum tuberosum		4_2005_G1;02WS	2(G1)	2005-04-01	europe	germany			α	α	haplogroup_2	genbank	mitochondrion	van de Vossenberg et al. 2018	https://www.ncbi.nlm.nih.gov/nuccore/MK292674	The linear mitochondrial genome of the quarantine chytrid Synchytrium endobioticum; insights into the evolution and recent history of an obligate biotrophic plant pathogen	BMC Evolutionary Biology	https://bmcecolevol.biomedcentral.com/articles/10.1186/s12862-018-1246-6
SeTr-071-001	Synchytrium endobioticum	Solanum tuberosum	SeTr-071	MB56;2426291;Nev2	38(Nevsehir)	2005-04-07	asia	turkey	nevsehir	nevsehir	β	βδ	haplogroup_3	genbank	mitochondrion	van de Vossenberg et al. 2022	https://www.ncbi.nlm.nih.gov/nuccore/OP142603	Molecular characterization and comparisons of potato wart (Synchytrium endobioticum) in historic collections to recent findings in Canada and the Netherlands	Journal of Plant Pathology	in preparation
SeTr-071-002	Synchytrium endobioticum	Solanum tuberosum	SeTr-071	MB56;2426291;Nev2	38(Nevsehir)	2005-04-07	asia	turkey	nevsehir	nevsehir	β	βδ	haplogroup_3	genbank	mitochondrion	van de Vossenberg et al. 2022	https://www.ncbi.nlm.nih.gov/nuccore/OP142604	Molecular characterization and comparisons of potato wart (Synchytrium endobioticum) in historic collections to recent findings in Canada and the Netherlands	Journal of Plant Pathology	in preparation
SeTr-071-003	Synchytrium endobioticum	Solanum tuberosum	SeTr-071	MB56;2426291;Nev2	38(Nevsehir)	2005-04-07	asia	turkey	nevsehir	nevsehir	β	βδ	haplogroup_3	genbank	mitochondrion	van de Vossenberg et al. 2022	https://www.ncbi.nlm.nih.gov/nuccore/OP142605	Molecular characterization and comparisons of potato wart (Synchytrium endobioticum) in historic collections to recent findings in Canada and the Netherlands	Journal of Plant Pathology	in preparation
SeTr-071-000	Synchytrium endobioticum	Solanum tuberosum	SeTr-071	MB56;2426291;NEV2	38(Nevsehir)	2005-04-07	asia	turkey	nevsehir	nevsehir	β	βδ	haplogroup_3	genbank	mitochondrion	van de Vossenberg et al. 2018	https://www.ncbi.nlm.nih.gov/nuccore/MK292688	The linear mitochondrial genome of the quarantine chytrid Synchytrium endobioticum; insights into the evolution and recent history of an obligate biotrophic plant pathogen	BMC Evolutionary Biology	https://bmcecolevol.biomedcentral.com/articles/10.1186/s12862-018-1246-6
SeTr-001-001	Synchytrium endobioticum	Solanum tuberosum	SeTr-001	1854024	1(D1)	2005-09-15	europe	netherlands	noord-brabant	odiliapeel	α	α	haplogroup_1	genbank	mitochondrion	van de Vossenberg et al. 2022	https://www.ncbi.nlm.nih.gov/nuccore/OP142534	Molecular characterization and comparisons of potato wart (Synchytrium endobioticum) in historic collections to recent findings in Canada and the Netherlands	Journal of Plant Pathology	in preparation
SeTr-006-001	Synchytrium endobioticum	Solanum tuberosum	SeTr-006	2413896	38(Nevsehir)	2005-09-19	asia	turkey	nevsehir	nevsehir	β	βδ	haplogroup_3	genbank	mitochondrion	van de Vossenberg et al. 2022	https://www.ncbi.nlm.nih.gov/nuccore/OP142539	Molecular characterization and comparisons of potato wart (Synchytrium endobioticum) in historic collections to recent findings in Canada and the Netherlands	Journal of Plant Pathology	in preparation
SeTr-065-001	Synchytrium endobioticum	Solanum tuberosum	SeTr-065	MB50;2147989	1(D1)	2005-10-03	europe	netherlands	limburg	ysselstijn	α	α	haplogroup_1	genbank	mitochondrion	van de Vossenberg et al. 2022	https://www.ncbi.nlm.nih.gov/nuccore/OP142597	Molecular characterization and comparisons of potato wart (Synchytrium endobioticum) in historic collections to recent findings in Canada and the Netherlands	Journal of Plant Pathology	in preparation
SeTr-004-001	Synchytrium endobioticum	Solanum tuberosum	SeTr-004	2095832	6(O1)	2005-11-11	europe	netherlands	groningen	veendam	α	α	haplogroup_1	genbank	mitochondrion	van de Vossenberg et al. 2022	https://www.ncbi.nlm.nih.gov/nuccore/OP142537	Molecular characterization and comparisons of potato wart (Synchytrium endobioticum) in historic collections to recent findings in Canada and the Netherlands	Journal of Plant Pathology	in preparation
SeTr-005-001	Synchytrium endobioticum	Solanum tuberosum	SeTr-005	2095840	6(O1)	2005-11-11	europe	netherlands	groningen	veendam	α	α	haplogroup_1	genbank	mitochondrion	van de Vossenberg et al. 2022	https://www.ncbi.nlm.nih.gov/nuccore/OP142538	Molecular characterization and comparisons of potato wart (Synchytrium endobioticum) in historic collections to recent findings in Canada and the Netherlands	Journal of Plant Pathology	in preparation
SE5_6O1	Synchytrium endobioticum	Solanum tuberosum		HLB 6(O1)_02-06;SE5	6(O1)	2006-02-01	europe	netherlands			α	α	haplogroup_2	genbank	mitochondrion	van de Vossenberg et al. 2018	https://www.ncbi.nlm.nih.gov/nuccore/MK292657	The linear mitochondrial genome of the quarantine chytrid Synchytrium endobioticum; insights into the evolution and recent history of an obligate biotrophic plant pathogen	BMC Evolutionary Biology	https://bmcecolevol.biomedcentral.com/articles/10.1186/s12862-018-1246-6
SE7_18T1	Synchytrium endobioticum	Solanum tuberosum		HLB P18(T1)-02-06;SE7	18(T1)	2006-02-01	europe	netherlands	groningen	borgercompagnie	β	β	haplogroup_3	genbank	mitochondrion	van de Vossenberg et al. 2018	https://www.ncbi.nlm.nih.gov/nuccore/MK292702	The linear mitochondrial genome of the quarantine chytrid Synchytrium endobioticum; insights into the evolution and recent history of an obligate biotrophic plant pathogen	BMC Evolutionary Biology	https://bmcecolevol.biomedcentral.com/articles/10.1186/s12862-018-1246-6
SeTr-067-001	Synchytrium endobioticum	Solanum tuberosum	SeTr-067	MB52	2(Ch1)	2006-11-02	europe	poland			ε	αε	haplogroup_1	genbank	mitochondrion	van de Vossenberg et al. 2022	https://www.ncbi.nlm.nih.gov/nuccore/OP142598	Molecular characterization and comparisons of potato wart (Synchytrium endobioticum) in historic collections to recent findings in Canada and the Netherlands	Journal of Plant Pathology	in preparation
SeTr-129-001	Synchytrium endobioticum	Solanum tuberosum	SeTr-129		2(G1)	2007-01-01	europe	germany			α	αδ	haplogroup_2	genbank	mitochondrion	van de Vossenberg et al. 2022	https://www.ncbi.nlm.nih.gov/nuccore/OP142651	Molecular characterization and comparisons of potato wart (Synchytrium endobioticum) in historic collections to recent findings in Canada and the Netherlands	Journal of Plant Pathology	in preparation
1_2007_D1	Synchytrium endobioticum	Solanum tuberosum		1_2007_D1;01WS	1(D1)	2007-01-01	europe	germany			ε	αε	unplaced	genbank	mitochondrion	van de Vossenberg et al. 2018	https://www.ncbi.nlm.nih.gov/nuccore/MK292656	The linear mitochondrial genome of the quarantine chytrid Synchytrium endobioticum; insights into the evolution and recent history of an obligate biotrophic plant pathogen	BMC Evolutionary Biology	https://bmcecolevol.biomedcentral.com/articles/10.1186/s12862-018-1246-6
PL28_2007_2	Synchytrium endobioticum	Solanum tuberosum		PL28_2007_2;04WS	1(D1)	2007-02-01	europe	poland			α	α	haplogroup_1	genbank	mitochondrion	van de Vossenberg et al. 2018	https://www.ncbi.nlm.nih.gov/nuccore/MK292685	The linear mitochondrial genome of the quarantine chytrid Synchytrium endobioticum; insights into the evolution and recent history of an obligate biotrophic plant pathogen	BMC Evolutionary Biology	https://bmcecolevol.biomedcentral.com/articles/10.1186/s12862-018-1246-6
SeTr-080-001	Synchytrium endobioticum	Solanum tuberosum	SeTr-080	MB70	6(O1)	2007-04-12	europe	germany			α	α	haplogroup_2	genbank	mitochondrion	van de Vossenberg et al. 2022	https://www.ncbi.nlm.nih.gov/nuccore/OP142616	Molecular characterization and comparisons of potato wart (Synchytrium endobioticum) in historic collections to recent findings in Canada and the Netherlands	Journal of Plant Pathology	in preparation
SeTr-009-002	Synchytrium endobioticum	Solanum tuberosum	SeTr-009	3601549	38(Nevsehir)	2008-02-05	asia	turkey	nigde	nigde	δ	βδ	haplogroup_5	genbank	mitochondrion	van de Vossenberg et al. 2022	https://www.ncbi.nlm.nih.gov/nuccore/OP142540	Molecular characterization and comparisons of potato wart (Synchytrium endobioticum) in historic collections to recent findings in Canada and the Netherlands	Journal of Plant Pathology	in preparation
PL69_2009	Synchytrium endobioticum	Solanum tuberosum		PL69_2009;08WS	39(P1)	2009-01-01	europe	poland			α	α	unplaced	genbank	mitochondrion	van de Vossenberg et al. 2018	https://www.ncbi.nlm.nih.gov/nuccore/MK292683	The linear mitochondrial genome of the quarantine chytrid Synchytrium endobioticum; insights into the evolution and recent history of an obligate biotrophic plant pathogen	BMC Evolutionary Biology	https://bmcecolevol.biomedcentral.com/articles/10.1186/s12862-018-1246-6
BBA_2G1_09-04	Synchytrium endobioticum	Solanum tuberosum		BBA_2G1_09-04;SE4	2(G1)	2009-04-01	europe	germany			α	αδ	haplogroup_2	genbank	mitochondrion	van de Vossenberg et al. 2018	https://www.ncbi.nlm.nih.gov/nuccore/MK292681	The linear mitochondrial genome of the quarantine chytrid Synchytrium endobioticum; insights into the evolution and recent history of an obligate biotrophic plant pathogen	BMC Evolutionary Biology	https://bmcecolevol.biomedcentral.com/articles/10.1186/s12862-018-1246-6
SeTr-081-002	Synchytrium endobioticum	Solanum tuberosum	SeTr-081	MB71	8(F1)	2010-04-01	europe	bulgaria	sofia_oblast	prodanovci	α	α	haplogroup_6	genbank	mitochondrion	van de Vossenberg et al. 2022	https://www.ncbi.nlm.nih.gov/nuccore/OP142617	Molecular characterization and comparisons of potato wart (Synchytrium endobioticum) in historic collections to recent findings in Canada and the Netherlands	Journal of Plant Pathology	in preparation
SeTr-017-001	Synchytrium endobioticum	Solanum tuberosum	SeTr-017	5022364	1(D1)	2011-09-01	europe	netherlands	noord-brabant	luyksgestel	α	α	haplogroup_1	genbank	mitochondrion	van de Vossenberg et al. 2022	https://www.ncbi.nlm.nih.gov/nuccore/OP142543	Molecular characterization and comparisons of potato wart (Synchytrium endobioticum) in historic collections to recent findings in Canada and the Netherlands	Journal of Plant Pathology	in preparation
SeTr-037-001	Synchytrium endobioticum	Solanum tuberosum	SeTr-037	MB82;4112001	18(T1)	2011-09-27	europe	germany	nedersaksen	emsburen	β	β	haplogroup_3	genbank	mitochondrion	van de Vossenberg et al. 2022	https://www.ncbi.nlm.nih.gov/nuccore/OP142554	Molecular characterization and comparisons of potato wart (Synchytrium endobioticum) in historic collections to recent findings in Canada and the Netherlands	Journal of Plant Pathology	in preparation
SeTr-016-001	Synchytrium endobioticum	Solanum tuberosum	SeTr-016	4508733	1(D1)	2011-09-30	europe	netherlands	noord-brabant	luyksgestel	α	α	haplogroup_1	genbank	mitochondrion	van de Vossenberg et al. 2022	https://www.ncbi.nlm.nih.gov/nuccore/OP142542	Molecular characterization and comparisons of potato wart (Synchytrium endobioticum) in historic collections to recent findings in Canada and the Netherlands	Journal of Plant Pathology	in preparation
NED01	Synchytrium endobioticum	Solanum tuberosum		NED01	1(D1)	2011-01-01	europe	netherlands			α	αβ	haplogroup_1	genbank	mitochondrion	van de Vossenberg et al. 2018	https://www.ncbi.nlm.nih.gov/nuccore/MK292655	The linear mitochondrial genome of the quarantine chytrid Synchytrium endobioticum; insights into the evolution and recent history of an obligate biotrophic plant pathogen	BMC Evolutionary Biology	https://bmcecolevol.biomedcentral.com/articles/10.1186/s12862-018-1246-6
SeTr-085-001	Synchytrium endobioticum	Solanum tuberosum	SeTr-085	MB85;4761157;BPI-KN-1	18(T1)	2011-10-27	europe	greece	eastern_macedonia_and_thrace	kato_nevrokopi	β	β	haplogroup_3	genbank	mitochondrion	van de Vossenberg et al. 2022	https://www.ncbi.nlm.nih.gov/nuccore/OP142620	Molecular characterization and comparisons of potato wart (Synchytrium endobioticum) in historic collections to recent findings in Canada and the Netherlands	Journal of Plant Pathology	in preparation
SeTr-085-003	Synchytrium endobioticum	Solanum tuberosum	SeTr-085	MB85;4761157;BPI-KN-1	18(T1)	2011-10-27	europe	greece	eastern_macedonia_and_thrace	kato_nevrokopi	β	β	haplogroup_3	genbank	mitochondrion	van de Vossenberg et al. 2022	https://www.ncbi.nlm.nih.gov/nuccore/OP142621	Molecular characterization and comparisons of potato wart (Synchytrium endobioticum) in historic collections to recent findings in Canada and the Netherlands	Journal of Plant Pathology	in preparation
SeTr-086-001	Synchytrium endobioticum	Solanum tuberosum	SeTr-086	MB86;4761165;BP1-KN-2	18(T1)	2011-10-27	europe	greece	eastern_macedonia_and_thrace	kato_nevrokopi	β	β	haplogroup_3	genbank	mitochondrion	van de Vossenberg et al. 2022	https://www.ncbi.nlm.nih.gov/nuccore/OP142622	Molecular characterization and comparisons of potato wart (Synchytrium endobioticum) in historic collections to recent findings in Canada and the Netherlands	Journal of Plant Pathology	in preparation
SeTr-018-001	Synchytrium endobioticum	Solanum tuberosum	SeTr-018	5606917	18(T1)	2012-09-05	europe	germany	nedersaksen	emsburen	β	β	haplogroup_3	genbank	mitochondrion	van de Vossenberg et al. 2022	https://www.ncbi.nlm.nih.gov/nuccore/OP142544	Molecular characterization and comparisons of potato wart (Synchytrium endobioticum) in historic collections to recent findings in Canada and the Netherlands	Journal of Plant Pathology	in preparation
SeTr-022-001	Synchytrium endobioticum	Solanum tuberosum	SeTr-022	6253121	8(F1)	2013-02-15	europe	bulgaria	sofia_oblast	prodanovci	α	α	haplogroup_6	genbank	mitochondrion	van de Vossenberg et al. 2022	https://www.ncbi.nlm.nih.gov/nuccore/OP142546	Molecular characterization and comparisons of potato wart (Synchytrium endobioticum) in historic collections to recent findings in Canada and the Netherlands	Journal of Plant Pathology	in preparation
SeTr-013-001	Synchytrium endobioticum	Solanum tuberosum	SeTr-013	4088396	18(T1)	2013-02-27	europe	bulgaria	smoljan	podvis	β	β	haplogroup_3	genbank	mitochondrion	van de Vossenberg et al. 2022	https://www.ncbi.nlm.nih.gov/nuccore/OP142541	Molecular characterization and comparisons of potato wart (Synchytrium endobioticum) in historic collections to recent findings in Canada and the Netherlands	Journal of Plant Pathology	in preparation
SeTr-023-003	Synchytrium endobioticum	Solanum tuberosum	SeTr-023	6271127	18(T1)	2013-10-23	europe	netherlands	groningen	alteveer	β	β	haplogroup_3	genbank	mitochondrion	van de Vossenberg et al. 2022	https://www.ncbi.nlm.nih.gov/nuccore/OP142547	Molecular characterization and comparisons of potato wart (Synchytrium endobioticum) in historic collections to recent findings in Canada and the Netherlands	Journal of Plant Pathology	in preparation
SeTr-087-003	Synchytrium endobioticum	Solanum tuberosum	SeTr-087	MB87;4262673	38(Nevsehir)	2013-11-21	europe	georgia	adjara	diakonidzeebi	δ	βδ	haplogroup_5	genbank	mitochondrion	van de Vossenberg et al. 2022	https://www.ncbi.nlm.nih.gov/nuccore/OP142623	Molecular characterization and comparisons of potato wart (Synchytrium endobioticum) in historic collections to recent findings in Canada and the Netherlands	Journal of Plant Pathology	in preparation
DEN01	Synchytrium endobioticum	Solanum tuberosum		DEN01	8(F1)	2014-09-12	europe	denmark	jylland		β	β	haplogroup_3	genbank	mitochondrion	van de Vossenberg et al. 2018	https://www.ncbi.nlm.nih.gov/nuccore/MK292687	The linear mitochondrial genome of the quarantine chytrid Synchytrium endobioticum; insights into the evolution and recent history of an obligate biotrophic plant pathogen	BMC Evolutionary Biology	https://bmcecolevol.biomedcentral.com/articles/10.1186/s12862-018-1246-6
DK17_2015	Synchytrium endobioticum	Solanum tuberosum		DK17_201;	40(BN1)	2015-01-01	europe	denmark			α	α	haplogroup_1	genbank	mitochondrion	van de Vossenberg et al. 2018	https://www.ncbi.nlm.nih.gov/nuccore/MK292676	The linear mitochondrial genome of the quarantine chytrid Synchytrium endobioticum; insights into the evolution and recent history of an obligate biotrophic plant pathogen	BMC Evolutionary Biology	https://bmcecolevol.biomedcentral.com/articles/10.1186/s12862-018-1246-6
E_II-2015	Synchytrium endobioticum	Solanum tuberosum		E_II-201	6(O1)	2015-01-01	europe	germany			α	αε	unplaced	genbank	mitochondrion	van de Vossenberg et al. 2018	https://www.ncbi.nlm.nih.gov/nuccore/MK292679	The linear mitochondrial genome of the quarantine chytrid Synchytrium endobioticum; insights into the evolution and recent history of an obligate biotrophic plant pathogen	BMC Evolutionary Biology	https://bmcecolevol.biomedcentral.com/articles/10.1186/s12862-018-1246-6
GR2_2015	Synchytrium endobioticum	Solanum tuberosum		GR2_2015	18(T1)	2015-01-01	europe	greece			β	β	haplogroup_3	genbank	mitochondrion	van de Vossenberg et al. 2018	https://www.ncbi.nlm.nih.gov/nuccore/MK292677	The linear mitochondrial genome of the quarantine chytrid Synchytrium endobioticum; insights into the evolution and recent history of an obligate biotrophic plant pathogen	BMC Evolutionary Biology	https://bmcecolevol.biomedcentral.com/articles/10.1186/s12862-018-1246-6
PL2_2015	Synchytrium endobioticum	Solanum tuberosum		PL2_2015;	41(P2)	2015-01-01	europe	poland			α	α	haplogroup_1	genbank	mitochondrion	van de Vossenberg et al. 2018	https://www.ncbi.nlm.nih.gov/nuccore/MK292689	The linear mitochondrial genome of the quarantine chytrid Synchytrium endobioticum; insights into the evolution and recent history of an obligate biotrophic plant pathogen	BMC Evolutionary Biology	https://bmcecolevol.biomedcentral.com/articles/10.1186/s12862-018-1246-6
SeTr-140-001	Synchytrium endobioticum	Solanum tuberosum	SeTr-140	CHY1001	6(O1)	2015-11-12	north_america	canada	newfoundland	saint_phillips	α	α	haplogroup_1	genbank	mitochondrion	van de Vossenberg et al. 2022	https://www.ncbi.nlm.nih.gov/nuccore/OP142674	Molecular characterization and comparisons of potato wart (Synchytrium endobioticum) in historic collections to recent findings in Canada and the Netherlands	Journal of Plant Pathology	in preparation
SeTr-035-001	Synchytrium endobioticum	Solanum tuberosum	SeTr-035	06734603/06734574	18(T1)	2015-11-18	europe	netherlands	drenthe	borger	β	β	haplogroup_3	genbank	mitochondrion	van de Vossenberg et al. 2022	https://www.ncbi.nlm.nih.gov/nuccore/OP142553	Molecular characterization and comparisons of potato wart (Synchytrium endobioticum) in historic collections to recent findings in Canada and the Netherlands	Journal of Plant Pathology	in preparation
SeTr-139-001	Synchytrium endobioticum	Solanum tuberosum	SeTr-139	CHY1000	6(O1)	2016-09-02	north_america	canada	newfoundland	carmanville	α	α	haplogroup_1	genbank	mitochondrion	van de Vossenberg et al. 2022	https://www.ncbi.nlm.nih.gov/nuccore/OP142673	Molecular characterization and comparisons of potato wart (Synchytrium endobioticum) in historic collections to recent findings in Canada and the Netherlands	Journal of Plant Pathology	in preparation
SeTr-020-003	Synchytrium endobioticum	Solanum tuberosum	SeTr-020	5998981	1(D1)	2016-12-01	south_america	peru			α	α	unplaced	genbank	mitochondrion	van de Vossenberg et al. 2022	https://www.ncbi.nlm.nih.gov/nuccore/OP142545	Molecular characterization and comparisons of potato wart (Synchytrium endobioticum) in historic collections to recent findings in Canada and the Netherlands	Journal of Plant Pathology	in preparation
SeTr-141-001	Synchytrium endobioticum	Solanum tuberosum	SeTr-141	CHY1002	8(F1)	2017-07-26	north_america	canada	newfoundland	avondale	α	α	haplogroup_1	genbank	mitochondrion	van de Vossenberg et al. 2022	https://www.ncbi.nlm.nih.gov/nuccore/OP142675	Molecular characterization and comparisons of potato wart (Synchytrium endobioticum) in historic collections to recent findings in Canada and the Netherlands	Journal of Plant Pathology	in preparation
SeTr-131-001	Synchytrium endobioticum	Solanum tuberosum	SeTr-131	Peru1		2018-01-01	south_america	peru	pasco	aco_paucartambo	α	αδ	haplogroup_4	genbank	mitochondrion	van de Vossenberg et al. 2022	https://www.ncbi.nlm.nih.gov/nuccore/OP142652	Molecular characterization and comparisons of potato wart (Synchytrium endobioticum) in historic collections to recent findings in Canada and the Netherlands	Journal of Plant Pathology	in preparation
SeTr-132-001	Synchytrium endobioticum	Solanum tuberosum	SeTr-132	Peru2		2018-01-01	south_america	peru	pasco	aco_paucartambo	α	αβγδ	haplogroup_4	genbank	mitochondrion	van de Vossenberg et al. 2022	https://www.ncbi.nlm.nih.gov/nuccore/OP142653	Molecular characterization and comparisons of potato wart (Synchytrium endobioticum) in historic collections to recent findings in Canada and the Netherlands	Journal of Plant Pathology	in preparation
SeTr-133-001	Synchytrium endobioticum	Solanum tuberosum	SeTr-133	Peru4A		2018-01-01	south_america	peru	pasco	aco_paucartambo	α	αβγδ	haplogroup_4	genbank	mitochondrion	van de Vossenberg et al. 2022	https://www.ncbi.nlm.nih.gov/nuccore/OP142654	Molecular characterization and comparisons of potato wart (Synchytrium endobioticum) in historic collections to recent findings in Canada and the Netherlands	Journal of Plant Pathology	in preparation
SeTr-134-001	Synchytrium endobioticum	Solanum tuberosum	SeTr-134	Peru5		2018-01-01	south_america	peru	pasco	aco_paucartambo	α	αβγδ	haplogroup_4	genbank	mitochondrion	van de Vossenberg et al. 2022	https://www.ncbi.nlm.nih.gov/nuccore/OP142655	Molecular characterization and comparisons of potato wart (Synchytrium endobioticum) in historic collections to recent findings in Canada and the Netherlands	Journal of Plant Pathology	in preparation
SeTr-135-001	Synchytrium endobioticum	Solanum tuberosum	SeTr-135	DFS2012;SASA	1(D1)	2018-01-01	europe	united_kingdom	scotland	dumfriesshire	γ	βγ	unplaced	genbank	mitochondrion	van de Vossenberg et al. 2022	https://www.ncbi.nlm.nih.gov/nuccore/OP142656	Molecular characterization and comparisons of potato wart (Synchytrium endobioticum) in historic collections to recent findings in Canada and the Netherlands	Journal of Plant Pathology	in preparation
BEL01	Synchytrium endobioticum	Solanum tuberosum		BEL01		2018-01-01	europe	belarus			α	α	unplaced	genbank	mitochondrion	van de Vossenberg et al. 2018	https://www.ncbi.nlm.nih.gov/nuccore/MK292675	The linear mitochondrial genome of the quarantine chytrid Synchytrium endobioticum; insights into the evolution and recent history of an obligate biotrophic plant pathogen	BMC Evolutionary Biology	https://bmcecolevol.biomedcentral.com/articles/10.1186/s12862-018-1246-6
LEV6574	Synchytrium endobioticum	Solanum tuberosum		LEV6574	6(O1)	2012-09-01	north_america	canada	prince_edward_island	saint_eleanors	α	α	haplogroup_1	genbank	mitochondrion	van de Vossenberg et al. 2018	https://www.ncbi.nlm.nih.gov/nuccore/MK292701	The linear mitochondrial genome of the quarantine chytrid Synchytrium endobioticum; insights into the evolution and recent history of an obligate biotrophic plant pathogen	BMC Evolutionary Biology	https://bmcecolevol.biomedcentral.com/articles/10.1186/s12862-018-1246-6
LEV6602	Synchytrium endobioticum	Solanum tuberosum		LEV6602	6(O1)	2014-09-01	north_america	canada	prince_edward_island	augustine_cove	α	α	haplogroup_1	genbank	mitochondrion	van de Vossenberg et al. 2018	https://www.ncbi.nlm.nih.gov/nuccore/MK292698	The linear mitochondrial genome of the quarantine chytrid Synchytrium endobioticum; insights into the evolution and recent history of an obligate biotrophic plant pathogen	BMC Evolutionary Biology	https://bmcecolevol.biomedcentral.com/articles/10.1186/s12862-018-1246-6
LEV6687	Synchytrium endobioticum	Solanum tuberosum		LEV6687	6(O1)	2000-09-01	north_america	canada	prince_edward_island	new_annan	α	α	haplogroup_1	genbank	mitochondrion	van de Vossenberg et al. 2018	https://www.ncbi.nlm.nih.gov/nuccore/MK292690	The linear mitochondrial genome of the quarantine chytrid Synchytrium endobioticum; insights into the evolution and recent history of an obligate biotrophic plant pathogen	BMC Evolutionary Biology	https://bmcecolevol.biomedcentral.com/articles/10.1186/s12862-018-1246-6
LEV6748	Synchytrium endobioticum	Solanum tuberosum		LEV6748	6(O1)	2002-09-01	north_america	canada	prince_edward_island	new_glasgow	α	α	haplogroup_1	genbank	mitochondrion	van de Vossenberg et al. 2018	https://www.ncbi.nlm.nih.gov/nuccore/MK292684	The linear mitochondrial genome of the quarantine chytrid Synchytrium endobioticum; insights into the evolution and recent history of an obligate biotrophic plant pathogen	BMC Evolutionary Biology	https://bmcecolevol.biomedcentral.com/articles/10.1186/s12862-018-1246-6
PER03	Synchytrium endobioticum	Solanum tuberosum		Peru3		2018-01-01	south_america	peru	pasco	aco_paucartambo	α	αβγ	haplogroup_4	genbank	mitochondrion	van de Vossenberg et al. 2018	https://www.ncbi.nlm.nih.gov/nuccore/MK292697	The linear mitochondrial genome of the quarantine chytrid Synchytrium endobioticum; insights into the evolution and recent history of an obligate biotrophic plant pathogen	BMC Evolutionary Biology	https://bmcecolevol.biomedcentral.com/articles/10.1186/s12862-018-1246-6
RUS01	Synchytrium endobioticum	Solanum tuberosum		RUS01		2018-01-01	europe	russia			α	α	haplogroup_1	genbank	mitochondrion	van de Vossenberg et al. 2018	https://www.ncbi.nlm.nih.gov/nuccore/MK292682	The linear mitochondrial genome of the quarantine chytrid Synchytrium endobioticum; insights into the evolution and recent history of an obligate biotrophic plant pathogen	BMC Evolutionary Biology	https://bmcecolevol.biomedcentral.com/articles/10.1186/s12862-018-1246-6
UKR01	Synchytrium endobioticum	Solanum tuberosum		UKR01		2018-01-01	europe	ukraine			α	α	haplogroup_1	genbank	mitochondrion	van de Vossenberg et al. 2018	https://www.ncbi.nlm.nih.gov/nuccore/MK292692	The linear mitochondrial genome of the quarantine chytrid Synchytrium endobioticum; insights into the evolution and recent history of an obligate biotrophic plant pathogen	BMC Evolutionary Biology	https://bmcecolevol.biomedcentral.com/articles/10.1186/s12862-018-1246-6
SeTr-136-001	Synchytrium endobioticum	Solanum tuberosum	SeTr-136	39783583	38(Nevsehir)	2020-10-28	europe	netherlands	groningen	mussel	β	βδ	haplogroup_3	genbank	mitochondrion	van de Vossenberg et al. 2022	https://www.ncbi.nlm.nih.gov/nuccore/OP142657	Molecular characterization and comparisons of potato wart (Synchytrium endobioticum) in historic collections to recent findings in Canada and the Netherlands	Journal of Plant Pathology	in preparation
SeTr-136-002	Synchytrium endobioticum	Solanum tuberosum	SeTr-136	39783575	38(Nevsehir)	2020-10-28	europe	netherlands	groningen	mussel	δ	βδ	haplogroup_5	genbank	mitochondrion	van de Vossenberg et al. 2022	https://www.ncbi.nlm.nih.gov/nuccore/OP142658	Molecular characterization and comparisons of potato wart (Synchytrium endobioticum) in historic collections to recent findings in Canada and the Netherlands	Journal of Plant Pathology	in preparation
SeTr-136-003	Synchytrium endobioticum	Solanum tuberosum	SeTr-136	39783575	38(Nevsehir)	2020-10-28	europe	netherlands	groningen	mussel	δ	βδ	haplogroup_5	genbank	mitochondrion	van de Vossenberg et al. 2022	https://www.ncbi.nlm.nih.gov/nuccore/OP142659	Molecular characterization and comparisons of potato wart (Synchytrium endobioticum) in historic collections to recent findings in Canada and the Netherlands	Journal of Plant Pathology	in preparation
SeTr-136-005	Synchytrium endobioticum	Solanum tuberosum	SeTr-136	39783575	38(Nevsehir)	2020-10-28	europe	netherlands	groningen	mussel	δ	βδ	haplogroup_5	genbank	mitochondrion	van de Vossenberg et al. 2022	https://www.ncbi.nlm.nih.gov/nuccore/OP142660	Molecular characterization and comparisons of potato wart (Synchytrium endobioticum) in historic collections to recent findings in Canada and the Netherlands	Journal of Plant Pathology	in preparation
SeTr-136-006	Synchytrium endobioticum	Solanum tuberosum	SeTr-136	39783575	38(Nevsehir)	2020-10-28	europe	netherlands	groningen	mussel	δ	βδ	haplogroup_5	genbank	mitochondrion	van de Vossenberg et al. 2022	https://www.ncbi.nlm.nih.gov/nuccore/OP142661	Molecular characterization and comparisons of potato wart (Synchytrium endobioticum) in historic collections to recent findings in Canada and the Netherlands	Journal of Plant Pathology	in preparation
SeTr-136-007	Synchytrium endobioticum	Solanum tuberosum	SeTr-136	39783575	38(Nevsehir)	2020-10-28	europe	netherlands	groningen	mussel	δ	βδ	haplogroup_5	genbank	mitochondrion	van de Vossenberg et al. 2022	https://www.ncbi.nlm.nih.gov/nuccore/OP142662	Molecular characterization and comparisons of potato wart (Synchytrium endobioticum) in historic collections to recent findings in Canada and the Netherlands	Journal of Plant Pathology	in preparation
SeTr-136-008	Synchytrium endobioticum	Solanum tuberosum	SeTr-136	39783612	38(Nevsehir)	2020-10-28	europe	netherlands	groningen	mussel	δ	βδ	haplogroup_5	genbank	mitochondrion	van de Vossenberg et al. 2022	https://www.ncbi.nlm.nih.gov/nuccore/OP142663	Molecular characterization and comparisons of potato wart (Synchytrium endobioticum) in historic collections to recent findings in Canada and the Netherlands	Journal of Plant Pathology	in preparation
SeTr-137-001	Synchytrium endobioticum	Solanum tuberosum	SeTr-137	39783591	38(Nevsehir)	2020-10-30	europe	netherlands	groningen	onstwedde	δ	βδ	haplogroup_5	genbank	mitochondrion	van de Vossenberg et al. 2022	https://www.ncbi.nlm.nih.gov/nuccore/OP142664	Molecular characterization and comparisons of potato wart (Synchytrium endobioticum) in historic collections to recent findings in Canada and the Netherlands	Journal of Plant Pathology	in preparation
SeTr-137-002	Synchytrium endobioticum	Solanum tuberosum	SeTr-137	39783591	38(Nevsehir)	2020-10-30	europe	netherlands	groningen	onstwedde	δ	βδ	haplogroup_5	genbank	mitochondrion	van de Vossenberg et al. 2022	https://www.ncbi.nlm.nih.gov/nuccore/OP142665	Molecular characterization and comparisons of potato wart (Synchytrium endobioticum) in historic collections to recent findings in Canada and the Netherlands	Journal of Plant Pathology	in preparation
SeTr-137-003	Synchytrium endobioticum	Solanum tuberosum	SeTr-137	39783604	38(Nevsehir)	2020-10-30	europe	netherlands	groningen	onstwedde	δ	βδ	haplogroup_5	genbank	mitochondrion	van de Vossenberg et al. 2022	https://www.ncbi.nlm.nih.gov/nuccore/OP142666	Molecular characterization and comparisons of potato wart (Synchytrium endobioticum) in historic collections to recent findings in Canada and the Netherlands	Journal of Plant Pathology	in preparation
SeTr-137-004	Synchytrium endobioticum	Solanum tuberosum	SeTr-137	39783604	38(Nevsehir)	2020-10-30	europe	netherlands	groningen	onstwedde	δ	βδ	haplogroup_5	genbank	mitochondrion	van de Vossenberg et al. 2022	https://www.ncbi.nlm.nih.gov/nuccore/OP142667	Molecular characterization and comparisons of potato wart (Synchytrium endobioticum) in historic collections to recent findings in Canada and the Netherlands	Journal of Plant Pathology	in preparation
SeTr-137-005	Synchytrium endobioticum	Solanum tuberosum	SeTr-137	36166897	38(Nevsehir)	2020-12-17	europe	netherlands	groningen	onstwedde	β	βδ	haplogroup_3	genbank	mitochondrion	van de Vossenberg et al. 2022	https://www.ncbi.nlm.nih.gov/nuccore/OP142668	Molecular characterization and comparisons of potato wart (Synchytrium endobioticum) in historic collections to recent findings in Canada and the Netherlands	Journal of Plant Pathology	in preparation
SeTr-138-001	Synchytrium endobioticum	Solanum tuberosum	SeTr-138	33178884	38(Nevsehir)	2020-12-17	europe	netherlands	groningen	onstwedde	β	βδ	haplogroup_3	genbank	mitochondrion	van de Vossenberg et al. 2022	https://www.ncbi.nlm.nih.gov/nuccore/OP142669	Molecular characterization and comparisons of potato wart (Synchytrium endobioticum) in historic collections to recent findings in Canada and the Netherlands	Journal of Plant Pathology	in preparation
SeTr-138-002	Synchytrium endobioticum	Solanum tuberosum	SeTr-138	33177494	38(Nevsehir)	2020-12-17	europe	netherlands	groningen	onstwedde	β	βδ	haplogroup_3	genbank	mitochondrion	van de Vossenberg et al. 2022	https://www.ncbi.nlm.nih.gov/nuccore/OP142670	Molecular characterization and comparisons of potato wart (Synchytrium endobioticum) in historic collections to recent findings in Canada and the Netherlands	Journal of Plant Pathology	in preparation
SeTr-138-003	Synchytrium endobioticum	Solanum tuberosum	SeTr-138	33177494	38(Nevsehir)	2020-12-17	europe	netherlands	groningen	onstwedde	β	βδ	haplogroup_3	genbank	mitochondrion	van de Vossenberg et al. 2022	https://www.ncbi.nlm.nih.gov/nuccore/OP142671	Molecular characterization and comparisons of potato wart (Synchytrium endobioticum) in historic collections to recent findings in Canada and the Netherlands	Journal of Plant Pathology	in preparation
SeTr-138-004	Synchytrium endobioticum	Solanum tuberosum	SeTr-138	33177494	38(Nevsehir)	2020-12-17	europe	netherlands	groningen	onstwedde	β	βδ	haplogroup_3	genbank	mitochondrion	van de Vossenberg et al. 2022	https://www.ncbi.nlm.nih.gov/nuccore/OP142672	Molecular characterization and comparisons of potato wart (Synchytrium endobioticum) in historic collections to recent findings in Canada and the Netherlands	Journal of Plant Pathology	in preparation
